combineId,playerId,height,weight,forty,twenty,threecone,vertical,broad,bench,college,year
GreeA.00Combine,GreeA.00,76,211,4.48,4.21,6.91,34.5,126,18,Georgia,2011
RodgAa00Combine,RodgAa00,74,223,4.71,4.32,7.39,34.5,110,0,California,2005
PeteAd01Combine,PeteAd01,74,217,4.4,4.4,0,38.5,127,0,Oklahoma,2007
BradAh00Combine,BradAh00,70,198,4.55,4.09,0,34,112,0,Marshall,2007
WilsAl02Combine,WilsAl02,69,202,4.43,4.21,7,37.5,123,10,Georgia State,2014
SmitAl03Combine,SmitAl03,76,217,4.71,3.97,0,32,113,0,Utah,2005
BlueAl00Combine,BlueAl00,74,223,4.63,4.5,7.15,32,121,13,LSU,2014
MorrAl00Combine,MorrAl00,70,219,4.67,4.19,7.01,35,117,16,Florida Atlantic,2012
HurnAl01Combine,HurnAl01,73,198,4.55,4.5,7.23,31,120,14,Miami,2014
RobiAl02Combine,RobiAl02,74,220,4.6,4,7,39,127,0,Penn St.,2014
JeffAl00Combine,JeffAl00,74.875,216,4.48,4.17,6.71,36.5,122,0,South Carolina,2012
CoopAm00Combine,CoopAm00,73,211,4.42,3.98,6.71,33,120,0,Alabama,2015
AbduAm00Combine,AbduAm00,69,205,4.6,3.95,6.79,42.5,130,24,Nebraska,2015
CaldAn00Combine,CaldAn00,73,204,4.35,4.11,0,33,124,0,Florida,2008
ElliAn00Combine,ElliAn00,69,199,4.61,0,0,34,122,0,Clemson,2013
HolmAn00Combine,HolmAn00,76,210,4.51,4.31,6.69,35,130,11,,2011
JohnAn02Combine,JohnAn02,74,230,4.4,4.1,0,39,132,17,Miami (FL),2003
RobeAn00Combine,RobeAn00,71,195,4.4,4.15,6.77,36,120,15,Citadel,2010
LuckAn00Combine,LuckAn00,76,234,4.67,4.28,6.8,36,124,0,Stanford,2012
QuarAn00Combine,QuarAn00,77,254,4.68,0,0,32,112,23,Penn State,2010
DaltAn00Combine,DaltAn00,74,215,4.83,4.27,0,29.5,106,0,TCU,2011
BoldAn00Combine,BoldAn00,73,216,4.72,4.33,7.35,33.5,114,0,Florida State,2003
DixoAn00Combine,DixoAn00,73,233,4.67,4.49,0,33,121,15,Mississippi State,2010
FasaAn00Combine,FasaAn00,76,259,4.86,4.34,0,33.5,0,19,Notre Dame,2006
SherAn00Combine,SherAn00,70,242,4.74,4.41,0,32.5,111,32,Connecticut,2011
AndrAn00Combine,AndrAn00,70,225,4.82,4.49,7.24,29.5,106,20,Western Kentucky,2014
BrowAn04Combine,BrowAn04,70,186,4.56,4.18,6.98,33.5,105,13,Central Michigan,2010
FostAr00Combine,FostAr00,73,226,4.68,0,0,0,0,23,,2009
DaviAu00Combine,DaviAu00,73,219,0,4.11,6.73,31,109,0,,2012
SefeAu00Combine,SefeAu00,77,262,0,0,0,0,0,20,Washington,2014
RoetBe00Combine,RoetBe00,77,241,4.75,0,0,0,0,0,Miami (OH),2004
WatsBe00Combine,WatsBe00,76,258,4.57,4.15,0,35.5,123,34,Georgia,2004
FowlBe00Combine,FowlBe00,73,217,4.52,4.18,7.06,36,126,0,Michigan St.,2014
PierBe00Combine,PierBe00,72,218,4.49,4.28,7.07,36,123,17,Temple,2012
PoweBi00Combine,PoweBi00,71,207,4.51,0,0,0,0,18,Louisville,2011
SankBi00Combine,SankBi00,69,209,4.49,4,6.75,35.5,126,26,Washington,2014
GabbBl00Combine,GabbBl00,76,234,4.61,4.26,0,33.5,120,0,Missouri,2011
BellBl00Combine,BellBl00,78,252,4.8,4.32,0,33,116,14,Oklahoma,2015
BortBl00Combine,BortBl00,77,232,4.93,4.21,7.08,32.5,115,0,Central Florida,2014
CookBr00Combine,CookBr00,70,189,4.33,3.81,6.76,36,120,16,Oregon St.,2014
BoldBr00Combine,BoldBr00,71,222,4.66,4.44,6.96,38,119,21,,2012
ColeBr00Combine,ColeBr00,78,225,4.56,4.51,7.33,32.5,0,21,Rutgers,2014
LaFeBr00Combine,LaFeBr00,75,211,4.58,4.23,6.81,36,115,11,LSU,2010
MarsBr00Combine,MarsBr00,77,229,4.52,4.31,6.96,37,120,0,UCF,2006
PettBr00Combine,PettBr00,78,263,4.8,4.37,0,33,118,22,Oklahoma State,2009
WeedBr00Combine,WeedBr00,76,221,4.89,4.45,7.36,32,102,0,Oklahoma State,2012
HartBr00Combine,HartBr00,74,195,4.52,4.12,6.65,34.5,120,0,Ohio State,2009
HoyeBr00Combine,HoyeBr00,74,215,5.02,4.42,0,32,109,0,,2009
QuicBr00Combine,QuicBr00,76,220,4.55,4.23,7.1,34,119,15,Appalachian State,2012
OsweBr00Combine,OsweBr00,79,242,0,0,0,0,0,0,Arizona State,2012
ElliBr00Combine,ElliBr00,69,197,4.45,3.95,6.69,39.5,120,15,South Carolina,2014
MillBr02Combine,MillBr02,73,254,4.81,4.34,0,31,113,35,UCF,2011
AndeC.00Combine,AndeC.00,68,224,4.6,4.12,7.15,32,119,17,,2013
FiedC.00Combine,FiedC.00,77,265,4.76,4.26,7.1,31.5,116,25,Iowa,2014
SpilC.00Combine,SpilC.00,71,196,4.27,0,0,0,0,18,Clemson,2010
SantCa01Combine,SantCa01,68,164,0,0,0,0,0,0,Tulane,2014
JohnCa00Combine,JohnCa00,77,239,4.35,0,0,42.5,139,0,Georgia Tech,2007
NewtCa00Combine,NewtCa00,77,248,4.56,4.18,6.92,35,126,0,Auburn,2011
ArtiCa00Combine,ArtiCa00,70,212,4.53,0,7.13,36.5,118,0,Auburn,2015
HydeCa00Combine,HydeCa00,72,230,4.66,0,0,34.5,114,19,Ohio St.,2014
PalmCa00Combine,PalmCa00,77,232,4.65,0,0,0,0,0,USC,2003
KeenCa00Combine,KeenCa00,73,208,4.82,0,0,32.5,103,0,,2012
ShorCe00Combine,ShorCe00,73,205,4.5,4.07,6.5,34.5,114,21,Mount Union,2011
ClayCh00Combine,ClayCh00,75,245,4.69,4.15,0,33.5,118,18,Tulsa,2011
JohnCh08Combine,JohnCh08,74,215,4.39,4.31,7.04,39.5,133,14,Grand Valley State,2013
SimsCh00Combine,SimsCh00,72,214,4.48,4.3,7.16,37.5,126,17,West Virginia,2014
WhitCh02Combine,WhitCh02,77,223,4.75,4.12,0,33,112,0,Clemson,2006
DaniCh00Combine,DaniCh00,73,218,4.79,4.31,0,33,0,0,,2009
ConlCh00Combine,ConlCh00,74,213,4.35,4.3,7.06,45,139,18,Georgia,2015
GiveCh00Combine,GiveCh00,71,198,4.41,4.23,6.97,33,118,19,Wake Forest,2012
GragCh00Combine,GragCh00,75,244,4.5,4.51,7.08,37.5,125,18,Arkansas,2013
HarpCh01Combine,HarpCh01,73,229,4.55,4.39,6.89,35.5,116,20,Kansas State,2013
IvorCh00Combine,IvorCh00,71.5,222,4.48,4.6,7.2,36,119,0,,2010
JohnCh04Combine,JohnCh04,71,197,4.24,0,0,35,0,0,East Carolina,2008
OwusCh00Combine,OwusCh00,71,196,4.36,4.11,6.85,40,129,19,,2012
PolkCh00Combine,PolkCh00,71,215,4.57,4.21,7.13,31,111,0,,2012
ThomCh03Combine,ThomCh03,73,189,4.5,4.14,0,35,117,12,Nicholls State,2004
MichCh00Combine,MichCh00,70,220,4.54,4.02,6.69,43,125,27,Texas A&M,2013
WoodCi00Combine,WoodCi00,71,213,4.56,0,0,37.5,124,16,,2013
HarbCl00Combine,HarbCl00,75,252,4.62,4.37,0,40,120,30,Missouri State,2010
WalfCl00Combine,WalfCl00,76,251,4.79,4.57,0,35,120,20,Miami,2015
FleeCo00Combine,FleeCo00,78,247,0,0,0,0,0,27,Stanford,2012
LatiCo00Combine,LatiCo00,74,215,0,0,0,0,0,23,Indiana,2014
KaepCo00Combine,KaepCo00,77,233,4.53,4.18,6.85,32.5,115,0,Nevada,2011
McCoCo00Combine,McCoCo00,73,216,4.79,0,0,0,114,0,Texas,2010
PattCo00Combine,PattCo00,74,216,4.42,0,0,37,128,0,Tennessee,2013
BrowPh00Combine,BrowPh00,71,178,4.51,4.22,7.16,33,116,0,Ohio St.,2014
FullCo00Combine,FullCo00,74,204,4.43,0,0,31.5,120,12,Virginia Tech,2013
HarkCo00Combine,HarkCo00,76,260,5.11,4.69,7.4,26,109,13,,2012
StevCr00Combine,StevCr00,75,254,4.59,4.31,0,27.5,114,27,California,2008
GillCr00Combine,GillCr00,78,260,4.89,4.44,7.42,33.5,120,0,Colorado St.,2014
WillDa05Combine,WillDa05,71,222,4.45,4.25,7.37,35.5,121,16,Oklahoma,2014
HerrDa00Combine,HerrDa00,70,213,4.66,4.04,6.97,35,117,22,Ohio State,2012
OrloDa00Combine,OrloDa00,77,225,4.93,4.43,0,29.5,107,0,Connecticut,2005
FellDa00Combine,FellDa00,76,259,4.95,4.52,0,29.5,108,19,,2006
WoodDa02Combine,WoodDa02,67.5,197,4.38,4.2,7.03,38,121,20,,2008
McFaDa00Combine,McFaDa00,73,211,4.33,0,0,33,128,0,Arkansas,2008
SproDa00Combine,SproDa00,66,187,4.47,3.96,0,33,105,23,Kansas State,2005
WallDa01Combine,WallDa01,78,238,4.46,4.25,7.07,37,125,12,Georgia Tech,2015
HeywDa00Combine,HeywDa00,74,210,4.3,4.18,6.8,38.5,126,16,Maryland,2009
AdamDa01Combine,AdamDa01,73,212,4.56,4.3,6.82,39.5,123,14,Fresno St.,2014
CobbDa00Combine,CobbDa00,71,229,4.81,0,0,38.5,121,17,Minnesota,2015
JohnDa08Combine,JohnDa08,73,224,4.5,4.27,6.82,41.5,127,25,Northern Iowa,2015
JohnDa05Combine,JohnDa05,74,260,4.73,4.43,0,32.5,113,21,Arkansas State,2009
ThomDe05Combine,ThomDe05,69,174,4.5,0,0,32,124,8,Oregon,2014
WhitDe01Combine,WhitDe01,71,193,4.44,4.18,6.97,34.5,118,0,Alabama,2015
WillDe02Combine,WillDe02,69,214,4.49,0,0,35.5,0,25,Memphis,2006
WalkHu00Combine,WalkHu00,73,240,4.49,0,0,36.5,118,0,Central Missouri State,2006
MurrDe00Combine,MurrDe00,73,213,4.37,4.18,0,34.5,130,21,Oklahoma,2011
ThomDe03Combine,ThomDe03,75.25,224,4.38,0,0,0,0,0,Georgia Tech,2010
RobiDe00Combine,RobiDe00,70,199,4.43,4.22,7.09,36.5,123,0,Michigan,2013
AndeDe00Combine,AndeDe00,78,242,5.03,4.67,0,29,103,0,Oregon State,2005
CarrDe02Combine,CarrDe02,74,214,4.69,4.2,0,34.5,110,0,Fresno St.,2014
JackDe00Combine,JackDe00,70,169,4.35,4.19,6.82,34.5,120,0,California,2008
ParkDe01Combine,ParkDe01,75,209,4.45,0,0,36.5,125,17,Louisville,2015
FuncDe00Combine,FuncDe00,76,232,4.7,0,0,38.5,122,17,Michigan,2015
SmitDe04Combine,SmitDe04,72,196,4.42,4.15,0,39,122,10,Ohio St.,2015
StreDe00Combine,StreDe00,75,198,4.55,4.01,6.89,37,124,0,Pittsburgh,2014
FreeDe00Combine,FreeDe00,68,206,4.58,4.26,7.11,31.5,118,0,Florida St.,2014
McClDe00Combine,McClDe00,69,172,4.53,4.06,0,37.5,118,20,Mississippi,2010
BryaDe01Combine,BryaDe01,74,225,4.52,4.48,7.21,38,133,0,Oklahoma State,2010
LewiDi00Combine,LewiDi00,67,193,4.56,4.18,0,34.5,112,17,Pittsburgh,2011
SimsDi00Combine,SimsDi00,77,262,4.75,4.52,7.36,35,112,22,Michigan State,2013
BrowDo00Combine,BrowDo00,70,210,4.46,4.1,0,41.5,125,0,Connecticut,2009
PoexDo00Combine,PoexDo00,76,346,4.98,4.56,7.9,29,105,44,Memphis,2012
MoncDo00Combine,MoncDo00,74,221,4.4,4.3,7.02,39.5,132,13,Mississippi,2014
GreeDo00Combine,GreeDo00,77,237,4.49,4.45,6.89,33.5,119,13,Missouri,2015
MartDo00Combine,MartDo00,69,223,4.55,4.16,6.79,36,120,28,Boise State,2012
BreeDr00Combine,BreeDr00,73,213,4.83,4.21,7.09,32,105,0,Purdue,2001
StanDr00Combine,StanDr00,75,226,4.75,4.41,0,30.5,108,0,Michigan State,2007
JohnDu00Combine,JohnDu00,69,207,4.54,0,0,33.5,121,0,Miami,2015
AlleDw00Combine,AlleDw00,75,255,4.89,4.37,7.12,32,110,27,Clemson,2012
BoweDw00Combine,BoweDw00,74,221,4.51,4.35,6.81,33,125,0,LSU,2007
HarrDw00Combine,HarrDw00,70,203,4.53,4.21,6.77,34,111,10,East Carolina,2011
BibbE.00Combine,BibbE.00,74,258,0,0,0,0,0,20,Iowa St.,2015
DickEd00Combine,DickEd00,76,249,4.59,4.59,0,34,115,23,Oregon,2010
LacyEd00Combine,LacyEd00,71,231,4.58,0,0,0,0,0,Alabama,2013
RoyaEd00Combine,RoyaEd00,70,184,4.39,4.34,0,36,124,24,Virginia Tech,2008
MannEl00Combine,MannEl00,77,221,4.9,0,0,0,0,0,Mississippi,2004
SandEm00Combine,SandEm00,71,186,4.4,4.1,6.64,39.5,126,12,Southern Methodist,2010
FlowEr00Combine,FlowEr00,78,329,5.31,0,0,0,0,37,Miami,2015
DeckEr00Combine,DeckEr00,75,217,4.54,0,0,0,0,15,Minnesota,2010
EbroEr00Combine,EbroEr00,76,250,4.6,0,0,32,120,24,North Carolina,2014
GrahGa00Combine,GrahGa00,75,243,4.71,4.35,0,34.5,112,20,Wisconsin,2010
BarnGa01Combine,BarnGa01,78,243,4.61,4.23,0,31,117,22,Louisville,2008
EscoGa00Combine,EscoGa00,78,254,4.84,4.31,7.07,32,114,0,San Diego State,2013
SmitGe00Combine,SmitGe00,74,218,4.59,0,0,33.5,124,0,West Virginia,2013
WinnGe00Combine,WinnGe00,70,218,4.75,0,0,34.5,119,22,,2013
DaviGe00Combine,DaviGe00,74,216,0,4.18,6.86,36.5,124,23,Connecticut,2015
BernGi00Combine,BernGi00,68,202,4.53,4.12,6.91,33.5,122,19,North Carolina,2013
TateGo00Combine,TateGo00,70,199,4.42,4.34,7.12,35,120,17,Notre Dame,2010
JennGr00Combine,JennGr00,71,197,4.42,4.18,6.69,36.5,117,0,Western Michigan,2006
OlseGr00Combine,OlseGr00,78,254,4.51,4.48,0,35.5,114,23,Miami (FL),2007
SalaGr00Combine,SalaGr00,73,210,4.53,4.1,6.65,37,120,15,,2011
NickHa01Combine,NickHa01,73,212,4.51,0,0,36,0,0,North Carolina,2009
DougHa00Combine,DougHa00,71,176,4.51,4.12,0,31,120,0,Louisville,2008
CrowIs00Combine,CrowIs00,71,224,4.57,0,0,38,117,23,Alabama St.,2014
PeadIs00Combine,PeadIs00,70,197,4.47,4.32,6.95,33,116,0,Cincinnati,2012
TammJa00Combine,TammJa00,76,236,4.58,4.27,0,30,109,18,Kentucky,2008
RodgJa00Combine,RodgJa00,66,196,4.59,4.26,0,33,113,0,Oregon State,2011
StroJa01Combine,StroJa01,74,217,4.44,0,0,42,123,0,Arizona State,2015
FishJa00Combine,FishJa00,78,306,5.01,4.33,7.25,32.5,0,25,Oregon,2015
StonJa01Combine,StonJa01,75,252,4.65,4.27,7.12,34.5,116,18,,2013
FowlJa00Combine,FowlJa00,71,254,4.94,4.4,7.56,33.5,114,23,Alabama,2015
CharJa00Combine,CharJa00,71,200,4.38,4.22,0,30.5,122,0,Texas,2008
WinsJa00Combine,WinsJa00,76,231,4.97,4.36,7.16,28.5,103,0,Florida St.,2015
HannJa00Combine,HannJa00,76,252,4.49,4.11,6.76,36,122,24,Oklahoma,2012
JoneJa04Combine,JoneJa04,73,207,4.54,4.2,0,34,119,22,San Jose State,2007
StarJa00Combine,StarJa00,74,218,4.5,4.23,0,36,119,15,Buffalo,2010
WhitJa02Combine,WhitJa02,69,204,4.57,4.2,7.05,32,114,23,Wisconsin,2014
CrowJa00Combine,CrowJa00,68,185,4.56,4.32,7.17,37,115,10,Duke,2015
AbbrJa00Combine,AbbrJa00,73,195,4.5,4.08,6.8,30.5,117,4,Wisconsin,2014
CookJa02Combine,CookJa02,77,246,4.49,0,0,41,123,23,South Carolina,2009
WrigJa02Combine,WrigJa02,70,182,4.42,4.03,6.93,38,120,11,Arkansas,2012
LandJa00Combine,LandJa00,71,205,4.77,0,0,28.5,110,12,LSU,2014
WittJa00Combine,WittJa00,78,264,4.65,0,0,31,0,25,Tennessee,2003
AlleJa01Combine,AlleJa01,72,221,4.53,4.28,6.96,35.5,121,11,USC,2015
AjayJa00Combine,AjayJa00,72,221,4.57,4.1,7.1,39,121,19,Boise St.,2015
CutlJa00Combine,CutlJa00,75,226,4.77,4.31,0,0,0,0,Vanderbilt,2006
JaniJe00Combine,JaniJe00,75,219,4.42,3.98,6.64,37.5,123,20,Saginaw Valley St.,2014
HillJe01Combine,HillJe01,73,233,4.66,0,0,29,113,20,LSU,2014
KerlJe00Combine,KerlJe00,70,189,4.56,3.99,6.7,34.5,120,16,TCU,2011
LangJe00Combine,LangJe00,72,208,4.42,4.32,7.22,34.5,118,0,Michigan St.,2015
MaclJe00Combine,MaclJe00,73,198,4.45,4.25,7.06,35.5,120,0,Missouri,2009
McKiJe00Combine,McKiJe00,69,209,4.41,4.12,6.83,40.5,132,32,Georgia Southern,2014
GresJe00Combine,GresJe00,77,261,4.66,4.53,0,35,113,20,Oklahoma,2010
KearJe01Combine,KearJe01,72,209,4.58,4.12,7.03,34,119,14,,2012
FeltJe00Combine,FeltJe00,73,241,4.68,4.46,0,32.5,110,30,Furman,2008
SimpJe00Combine,SimpJe00,74,199,4.42,4.52,7.08,37.5,136,0,Coastal Carolina,2008
CotcJe00Combine,CotcJe00,73,212,4.54,3.92,6.95,36,121,0,North Carolina State,2004
JameJe00Combine,JameJe00,79,261,4.83,4.5,0,37.5,121,26,Penn St.,2015
DrayJi00Combine,DrayJi00,77,246,4.82,0,0,0,0,17,Stanford,2010
ClauJi00Combine,ClauJi00,74,222,4.76,0,0,0,0,0,Notre Dame,2010
GaroJi00Combine,GaroJi00,74,226,4.97,4.26,7.04,30.5,110,0,Eastern Illinois,2014
GrahJi00Combine,GrahJi00,78,260,4.53,4.45,0,38.5,120,0,Miami (FL),2010
FlacJo00Combine,FlacJo00,79,236,4.84,4.27,0,28.5,110,0,Delaware,2008
IoseJo00Combine,IoseJo00,72,247,5.02,4.33,7.24,31.5,110,30,Hawaii,2015
BrowJo02Combine,BrowJo02,70,179,4.34,4.12,6.91,36.5,119,0,Pittsburg St. (KS),2014
CrocJo00Combine,CrocJo00,72,217,4.62,4.25,7.15,40,125,15,North Dakota St.,2015
PhilJo00Combine,PhilJo00,78,251,4.78,4.27,0,33.5,112,20,Virginia,2009
ManzJo00Combine,ManzJo00,72,207,4.68,4.03,6.75,31.5,113,0,Texas A&M,2014
BellJo01Combine,BellJo01,71,220,4.68,4.17,0,36.5,120,0,,2010
GrayJo00Combine,GrayJo00,70,223,0,0,0,0,0,20,,2012
StewJo00Combine,StewJo00,70,235,4.46,0,0,36.5,128,28,Oregon,2008
CameJo00Combine,CameJo00,77,254,4.53,4.03,0,37.5,119,23,USC,2011
MattJo00Combine,MattJo00,75,212,4.46,4.18,6.95,35.5,120,21,Vanderbilt,2014
PoyeJo00Combine,PoyeJo00,72,191,4.54,4.18,6.87,30.5,118,8,Oregon State,2013
ReedJo02Combine,ReedJo02,74,236,4.72,0,0,0,0,16,Florida,2013
TodmJo00Combine,TodmJo00,69,203,4.4,4.18,0,38,126,25,Connecticut,2011
RandJo01Combine,RandJo01,72,204,4.63,0,0,35,123,0,Oklahoma State,2013
FreeJo00Combine,FreeJo00,78,248,4.9,4.43,7.11,33.5,119,0,Kansas State,2009
HuffJo00Combine,HuffJo00,71,206,4.51,0,0,35.5,116,14,Oregon,2014
McCoJo01Combine,McCoJo01,76,223,4.59,3.9,0,38.5,120,0,Sam Houston State,2002
RobiJo02Combine,RobiJo02,68,217,4.7,0,0,32,113,21,Mississippi St.,2015
JoneJu02Combine,JoneJu02,75,220,4.34,4.25,6.66,38.5,135,17,Alabama,2011
ThomJu00Combine,ThomJu00,77,246,4.64,4.31,0,35.5,111,16,Portland State,2011
HardJu00Combine,HardJu00,70,192,4.56,4.21,6.63,36.5,114,11,East Carolina,2015
HuntJu00Combine,HuntJu00,76,196,4.44,4.33,0,39.5,136,0,Tennessee,2013
CareKa00Combine,CareKa00,69,207,4.7,4.38,7.08,32.5,115,19,Arizona,2014
WillKa01Combine,WillKa01,73,230,4.48,4.46,7.16,33.5,117,16,Florida St.,2015
AlleKe00Combine,AlleKe00,74.5,206,4.71,0,0,0,0,0,California,2013
MumpKe00Combine,MumpKe00,72,215,4.54,4.25,7.07,32.5,121,0,Michigan St.,2015
ClemKe00Combine,ClemKe00,74,224,4.89,0,0,0,0,0,Oregon,2006
DaviKe01Combine,DaviKe01,79,262,4.59,4.38,0,28,118,22,Michigan State,2008
MoorKe02Combine,MoorKe02,72,197,4.94,4.56,7.41,27,99,0,,2012
ThomKe02Combine,ThomKe02,73,193,4.54,4.21,6.88,33.5,121,8,,2013
HuntKe00Combine,HuntKe00,67,199,4.46,4.21,0,35,122,24,Oklahoma State,2011
WrigKe01Combine,WrigKe01,70.25,196,4.61,4.18,6.93,38.5,121,4,Baylor,2012
BarnKe00Combine,BarnKe00,69,196,4.52,4.2,6.87,35.5,122,20,Oregon,2013
BritKe00Combine,BritKe00,75,218,4.49,4.47,0,37,124,23,Rutgers,2009
StilKe00Combine,StilKe00,72,194,4.38,4.35,0,33.5,124,16,Oklahoma,2013
WillKe05Combine,WillKe05,68,195,4.48,4.15,7.15,35,118,17,Utah State,2013
MartKe01Combine,MartKe01,71,188,4.45,4.13,6.85,39,122,13,Michigan State,2012
SmitKe04Combine,SmitKe04,73,217,4.53,4.49,0,32,120,0,UCF,2008
CousKi00Combine,CousKi00,75,214,4.93,4.5,7.05,28.5,109,0,Michigan State,2012
DaviKn00Combine,DaviKn00,70,227,4.37,4.38,6.96,33.5,121,31,Arkansas,2013
GreeLa00Combine,GreeLa00,78,238,4.53,4.47,7.12,34,124,16,Louisiana-Lafayette,2012
MillLa01Combine,MillLa01,71,212,4.4,0,0,33,0,0,Miami (FL),2012
KendLa00Combine,KendLa00,75,243,4.65,4.15,0,34.5,122,25,Wisconsin,2011
JoneLa02Combine,JoneLa02,76,225,5.11,4.3,7.12,31,115,0,Oklahoma,2013
FitzLa00Combine,FitzLa00,74.875,225,4.48,4.28,6.94,38,0,0,Pittsburgh,2004
MurrLa00Combine,MurrLa00,74.5,223,4.38,4.36,6.81,36,124,22,UCF,2013
SmitLe00Combine,SmitLe00,78,266,4.94,4.28,0,29,108,25,Marshall,2011
BlouLe00Combine,BlouLe00,73,241,4.7,4.49,0,35,117,18,,2010
HankLe00Combine,HankLe00,74,209,4.4,4.21,6.94,36,117,14,Miami (FL),2011
ToilLe00Combine,ToilLe00,80,260,4.86,4.57,7.09,31,113,17,Stanford,2013
TaliLo00Combine,TaliLo00,72,229,4.58,4.22,6.88,33,118,18,Coastal Carolina,2014
MurpLo00Combine,MurpLo00,75,203,4.32,4.45,6.95,34.5,117,12,Florida,2009
McCoLu00Combine,McCoLu00,76,208,4.71,4.28,0,37.5,125,0,Louisiana Tech,2004
StocLu00Combine,StocLu00,77,258,4.68,4.4,0,33,115,27,Tennessee,2011
BrowMa03Combine,BrowMa03,71,224,4.62,4.15,6.86,34.5,117,19,Texas,2015
LewiMa00Combine,LewiMa00,79,261,4.8,4.84,0,37,118,23,UCLA,2006
EaslMa00Combine,EaslMa00,75,210,4.39,4.6,6.94,34,123,16,Connecticut,2010
MariMa01Combine,MariMa01,76,222,4.52,4.11,6.87,36,121,0,Oregon,2015
MurpMa03Combine,MurpMa03,68,193,4.61,4.4,0,29,109,11,Missouri,2015
AlfoMa00Combine,AlfoMa00,68,180,4.43,4.07,6.64,34,121,13,West Virginia,2015
IngrMa01Combine,IngrMa01,69,215,4.62,4.62,0,31.5,113,21,Alabama,2011
SancMa00Combine,SancMa00,74,227,4.93,4.21,7.06,32.5,116,0,USC,2009
WheaMa00Combine,WheaMa00,71,189,4.45,4.02,6.8,37,120,20,Oregon State,2013
LeexMa00Combine,LeexMa00,72,192,4.52,4.01,0,38,127,0,USC,2014
ColsMa00Combine,ColsMa00,77,224,4.5,4.44,6.96,37,123,0,Hofstra,2006
WilsMa02Combine,WilsMa02,75,194,4.51,4.33,6.65,34.5,122,7,Washington State,2013
GoodMa00Combine,GoodMa00,69,183,4.27,0,0,0,132,13,Texas,2013
LyncMa00Combine,LyncMa00,71,215,4.46,4.58,0,35.5,125,20,California,2007
BryaMa00Combine,BryaMa00,76,211,4.42,4.15,7.18,39,124,16,Clemson,2014
BennMa00Combine,BennMa00,78,259,4.68,4.53,0,34,118,18,Texas A&M,2008
JoneMa02Combine,JoneMa02,74,199,4.46,4.11,6.81,33,112,22,California,2012
AsiaMa00Combine,AsiaMa00,71,229,4.77,4.37,0,30,104,22,,2011
FortMa00Combine,FortMa00,74,217,4.44,4.23,0,33,118,23,Tulane,2008
JoneMa04Combine,JoneMa04,74,231,4.61,4.2,0,31.5,112,20,Florida,2015
RyanMa00Combine,RyanMa00,77,228,4.89,4.51,0,0,0,0,Boston College,2008
SchaMa00Combine,SchaMa00,78,243,5.04,4.66,0,30.5,110,0,Virginia,2004
StafMa00Combine,StafMa00,74,225,4.81,4.47,7.06,30.5,107,0,Georgia,2009
WillMa04Combine,WillMa04,76,249,4.78,4.37,0,34.5,117,17,Minnesota,2015
GordMe00Combine,GordMe00,73,215,4.52,4.07,7.04,35,126,19,Wisconsin,2015
BurtMi00Combine,BurtMi00,71,242,4.74,4.34,7.2,33,115,25,Rutgers,2015
FloyMi00Combine,FloyMi00,75,220,4.47,4.37,7.11,36,122,16,Notre Dame,2012
HoomMi00Combine,HoomMi00,76,264,4.77,0,0,0,0,25,,2010
VickMi00Combine,VickMi00,73,210,4.33,0,0,38,0,0,Virginia Tech,2001
DaviMi01Combine,DaviMi01,69,217,4.61,4.18,7,34,116,17,South Carolina,2015
EvanMi00Combine,EvanMi00,77,231,4.53,4.26,7.08,37,0,12,Texas A&M,2014
GillMi00Combine,GillMi00,71,208,4.55,4.4,7.12,30.5,119,15,Florida,2013
IupaMi20Combine,IupaMi20,77,331,5.24,4.93,0,27.5,92,27,Idaho,2010
WallMi00Combine,WallMi00,73,199,4.28,4.27,0,40,129,14,Mississippi,2009
AustMi00Combine,AustMi00,74,215,4.47,4.14,0,40.5,123,0,,2006
SanuMo00Combine,SanuMo00,74,211,4.67,4.22,6.88,36,126,19,Rutgers,2012
RiveMy00Combine,RiveMy00,75,242,4.81,4.43,7.17,31,112,17,Tennessee,2013
PruiMy00Combine,PruiMy00,74,251,4.58,4.37,0,38,118,17,Southern Illinois,2015
AghoNe00Combine,AghoNe00,72,198,4.42,0,0,0,0,12,USC,2015
JacoNi00Combine,JacoNi00,77,269,0,0,0,0,0,15,McNeese St.,2014
BoylNi00Combine,BoylNi00,76,268,5.04,4.23,0,30.5,112,20,Delaware,2015
FoleNi00Combine,FoleNi00,77,243,5.14,0,0,30.5,112,0,Arizona,2012
OLeaNi00Combine,OLeaNi00,75,252,4.93,4.5,0,30.5,110,21,Florida St.,2015
WillNi02Combine,WillNi02,76,309,4.94,4.65,7.55,33,111,28,,2013
BeckOd00Combine,BeckOd00,71,198,4.43,3.94,6.69,38.5,122,7,LSU,2014
DaniOw00Combine,DaniOw00,76,253,4.65,4.11,0,34.5,114,23,Wisconsin,2006
RichPa01Combine,RichPa01,72,175,4.4,0,7.09,38,124,0,Colorado,2014
HarvPe00Combine,HarvPe00,71,192,4.39,0,0,37.5,121,19,Florida,2009
RivePh00Combine,RivePh00,77,229,5.08,0,0,0,0,0,North Carolina State,2004
DorsPh00Combine,DorsPh00,70,185,4.33,4.11,6.7,37,122,13,Miami,2015
GarcPi00Combine,GarcPi00,71.875,210,4.42,4.19,6.9,36.5,125,20,Mount Union,2008
EnunQu00Combine,EnunQu00,74,225,4.45,0,0,0,0,19,Nebraska,2014
PattQu00Combine,PattQu00,72,204,4.53,4.01,6.91,33,118,8,Louisiana Tech,2013
CobbRa00Combine,CobbRa00,70,191,4.46,4.34,7.08,33.5,115,16,Kentucky,2011
GreeRa00Combine,GreeRa00,71,182,4.53,4.12,6.88,36.5,122,0,Florida St.,2015
JennRa00Combine,JennRa00,73,231,4.59,4.2,0,34,120,29,Liberty,2009
BurkRe00Combine,BurkRe00,70,214,4.73,4.09,6.85,39,125,21,Nebraska,2013
ElliRh00Combine,ElliRh00,77,251,4.88,0,0,31,109,0,USC,2012
LockRi00Combine,LockRi00,74,211,4.34,4.19,7.15,35.5,127,22,,2011
RodgRi00Combine,RodgRi00,76,257,4.87,4.47,7.23,31.5,116,16,California,2014
CoopRi00Combine,CoopRi00,76,222,4.53,0,0,33,114,0,Florida,2010
MattRi00Combine,MattRi00,72,217,4.62,4.19,6.88,36,0,20,Nevada,2012
GronRo00Combine,GronRo00,78,258,4.68,0,0,0,0,23,Arizona,2010
HousRo01Combine,HousRo01,77,248,4.46,4.21,0,37,117,22,,2011
TurbRo00Combine,TurbRo00,70,222,4.5,4.31,7.16,36,122,28,Utah State,2012
WoodRo02Combine,WoodRo02,72,201,4.51,4.47,7.15,33.5,117,14,USC,2013
HillRo00Combine,HillRo00,69,200,4.45,0,0,37,0,17,San Diego State,2012
HeluRo00Combine,HeluRo00,73,219,4.4,4.01,0,36.5,119,11,Nebraska,2011
RandRu00Combine,RandRu00,75,210,4.55,4.36,6.99,31,121,15,LSU,2012
WilsRu00Combine,WilsRu00,71,204,4.55,4.09,6.97,34,118,0,Wisconsin,2012
FitzRy00Combine,FitzRy00,75,232,4.86,4.07,0,30.5,105,0,Harvard,2005
GranRy01Combine,GranRy01,73,215,4.43,4.14,0,33.5,115,17,Notre Dame,2005
HewiRy00Combine,HewiRy00,76,246,4.87,4.35,7.04,33,109,0,Stanford,2014
LindRy00Combine,LindRy00,76,229,4.9,4.45,7.52,29.5,108,0,San Diego State,2012
MallRy00Combine,MallRy00,79,253,5.24,0,0,24,0,0,Arkansas,2011
MathRy00Combine,MathRy00,73,218,4.37,4.33,0,36,121,19,Fresno State,2010
NassRy00Combine,NassRy00,74,227,5.06,4.53,7.34,28.5,105,0,Syracuse,2013
TannRy00Combine,TannRy00,76,221,0,0,0,0,0,0,Texas A&M,2012
BradSa00Combine,BradSa00,76,236,4.79,0,0,0,0,0,Oklahoma,2010
CoatSa00Combine,CoatSa00,73,212,4.43,4.06,6.98,41,131,23,Auburn,2015
WatkSa00Combine,WatkSa00,73,211,4.43,4.34,6.95,34,126,16,Clemson,2014
ChanSc00Combine,ChanSc00,79,270,4.78,4.32,0,30,111,16,Iowa,2007
TolzSc00Combine,TolzSc00,74,212,4.92,4.12,0,29.5,116,0,,2011
MannSe00Combine,MannSe00,78,229,5.14,4.39,7.29,31,105,0,Oregon St.,2015
AjirSe00Combine,AjirSe00,76,204,4.6,4.39,7.22,36,115,14,,2010
VereSh00Combine,VereSh00,70,210,4.49,4.28,0,34,115,31,California,2011
DrauSh00Combine,DrauSh00,71,213,4.73,4.2,0,34,118,21,,2011
BailSt01Combine,BailSt01,70,193,4.52,4.09,6.81,34.5,117,11,West Virginia,2013
DiggSt00Combine,DiggSt00,72,195,4.46,4.32,7.03,35,115,0,Maryland,2015
TaylSt00Combine,TaylSt00,69.125,214,4.76,4.5,7.13,30,110,17,Stanford,2013
RidlSt00Combine,RidlSt00,71,225,4.65,4.21,0,36,118,18,LSU,2011
JohnSt00Combine,JohnSt00,74,210,4.58,4.26,0,32.5,121,0,Kentucky,2008
SmitSt01Combine,SmitSt01,69,184,4.41,4.25,0,38.5,121,0,Utah,2001
GrahT.00Combine,GrahT.00,71,188,4.41,4.18,6.77,33,120,8,North Carolina State,2012
YateT.00Combine,YateT.00,75,219,5.06,4.12,0,29.5,104,0,North Carolina,2011
YeldT.00Combine,YeldT.00,73,226,4.61,4.22,7.19,36,117,22,Alabama,2015
HiltT.00Combine,HiltT.00,70,183,4.34,4.36,7.03,35.5,119,7,Florida International,2012
JoneTa00Combine,JoneTa00,72,194,4.53,0,0,0,0,13,Eastern Washington,2011
JackTa00Combine,JackTa00,74,226,4.69,4.4,0,31.5,107,0,Alabama State,2006
AustTa00Combine,AustTa00,68,174,4.34,4.01,0,32,120,14,West Virginia,2013
BridTe00Combine,BridTe00,74,214,0,4.2,7.17,30,113,0,Louisville,2014
WestTe00Combine,WestTe00,69,225,4.54,0,0,33.5,120,16,Towson,2014
WillTe01Combine,WillTe01,74,208,4.52,4.32,7.01,32.5,119,11,Baylor,2013
MageTe00Combine,MageTe00,68,213,0,4.37,7.52,37,115,22,LSU,2015
ColeTe01Combine,ColeTe01,71,206,0,0,0,0,0,22,Indiana,2015
RiddTh00Combine,RiddTh00,70,201,4.68,0,0,32,118,0,Notre Dame,2013
RawlTh00Combine,RawlTh00,69,215,4.65,0,0,35.5,116,15,Central Michigan,2015
GerhTo00Combine,GerhTo00,73,231,4.5,4.25,0,38,118,22,Stanford,2010
GurlTo01Combine,GurlTo01,73,222,0,0,0,0,0,17,Georgia,2015
BradTo00Combine,BradTo00,77,211,5.28,4.38,7.2,24.5,99,0,Michigan,2000
BohaTo00Combine,BohaTo00,73,246,4.88,4.42,7.27,35,119,36,Wake Forest,2013
MoeaTo00Combine,MoeaTo00,75,245,4.69,4.42,0,34,113,18,Iowa,2010
RomoTo00Combine,RomoTo00,74,230,5.01,4.2,0,30,105,0,,2003
WashTo00Combine,WashTo00,76,247,4.99,4.31,7.2,32.5,110,17,Oregon,2015
SmitTo02Combine,SmitTo02,73,204,4.41,4.13,6.72,41,126,19,Maryland,2011
BenjTr00Combine,BenjTr00,69,172,4.36,0,0,38,119,14,Miami (FL),2012
MasoTr00Combine,MasoTr00,68,207,4.5,4.15,0,38.5,126,0,Auburn,2014
McBrTr00Combine,McBrTr00,72,210,4.41,4.08,6.96,38,122,16,William & Mary,2015
BurtTr01Combine,BurtTr01,74,224,4.62,4.32,7.14,30,112,0,Florida,2014
WillTr03Combine,WillTr03,67,195,4.49,4.12,6.84,33.5,119,18,Texas A&M,2015
NiklTr00Combine,NiklTr00,78,270,0,4.55,7.57,32,114,27,Notre Dame,2014
MontTy01Combine,MontTy01,72,221,4.55,4.21,6.97,40.5,121,0,Stanford,2015
EifeTy00Combine,EifeTy00,77,250,4.68,4.32,6.92,35.5,119,22,Notre Dame,2013
KrofTy00Combine,KrofTy00,77,246,0,0,0,0,0,17,Rutgers,2015
LockTy00Combine,LockTy00,70,182,4.4,4.07,6.89,35.5,121,0,Kansas St.,2015
VargTy00Combine,VargTy00,71,222,0,0,0,0,0,23,Yale,2015
TaylTy00Combine,TaylTy00,73,217,4.47,4.09,0,37.5,126,0,Virginia Tech,2011
AluaTy99Combine,AluaTy99,75,295,4.87,4.43,0,35.5,116,21,California,2010
McDoVa00Combine,McDoVa00,76,267,4.69,4.53,7.08,33.5,119,31,Rice,2013
DaviVe00Combine,DaviVe00,75,254,4.38,4.17,0,42,128,33,Maryland,2006
BrowVi00Combine,BrowVi00,71,187,4.68,4.25,6.64,33.5,121,12,San Diego State,2011
JackVi00Combine,JackVi00,77,241,4.46,4,6.84,39,129,23,Northern Colorado,2005
GreeVi00Combine,GreeVi00,75,249,4.54,4.4,0,42.5,130,23,Nevada,2011
JohnWe00Combine,JohnWe00,77,297,5.11,4.64,7.4,29,111,26,Vanderbilt,2014
JohnWi00Combine,JohnWi00,74,206,0,0,0,0,0,0,Texas St.,2015
SneaWi00Combine,SneaWi00,71,195,4.62,4.39,7.19,33.5,113,11,Ball St.,2014
StacZa00Combine,StacZa00,68,216,4.55,4.17,6.7,33,122,27,,2013
ErtzZa00Combine,ErtzZa00,77,249,4.76,4.47,7.08,30.5,111,24,Stanford,2013
LineZa01Combine,LineZa01,72,232,4.77,0,0,30.5,111,26,,2013
MettZa00Combine,MettZa00,77,224,0,0,0,0,0,0,LSU,2014
MillZa02Combine,MillZa02,77,256,4.87,4.42,0,34,115,0,Arizona State,2007
ZennZa00Combine,ZennZa00,71,223,4.6,4.14,7.08,41,121,25,South Dakota St.,2015